season,week,games,pointsAvailable,weeklyRank,expert,weeklyPoints,seasonToDateRank,seasonToDatePoints,correct,incorrect,ties,noPicks
2023,1,16,136,1,FOWLER,81,1,81,10,6,0,0
2023,1,16,136,2,CLAY,80,2,80,9,7,0,0
2023,1,16,136,3,MOODY,77,3,77,9,7,0,0
2023,1,16,136,4,BOWEN,74,4,74,7,9,0,0
2023,1,16,136,5,GRAZIANO,73,5,73,8,8,0,0
2023,1,16,136,5,THIRY,73,5,73,7,9,0,0
2023,1,16,136,7,WICKERSHAM,67,7,67,7,9,0,0
2023,1,16,136,8,REID,66,8,66,6,10,0,0
2023,2,16,136,1,BOWEN,91,1,165,11,5,0,0
2023,2,16,136,2,REID,84,5,150,10,6,0,0
2023,2,16,136,3,FOWLER,82,2,163,10,6,0,0
2023,2,16,136,3,MOODY,82,3,159,10,6,0,0
2023,2,16,136,3,WICKERSHAM,82,6,149,10,6,0,0
2023,2,16,136,6,CLAY,76,4,156,9,7,0,0
2023,2,16,136,6,THIRY,76,6,149,9,7,0,0
2023,2,16,136,8,GRAZIANO,68,8,141,8,8,0,0
2023,3,16,136,1,CLAY,118,1,274,13,3,0,0
2023,3,16,136,2,BOWEN,100,2,265,11,5,0,0
2023,3,16,136,2,MOODY,100,3,259,11,5,0,0
2023,3,16,136,4,GRAZIANO,97,5,238,10,6,0,0
2023,3,16,136,5,FOWLER,95,4,258,10,6,0,0
2023,3,16,136,6,THIRY,89,5,238,9,7,0,0
2023,3,16,136,7,REID,85,7,235,9,7,0,0
2023,3,16,136,8,WICKERSHAM,78,8,227,8,8,0,0
2023,4,16,136,1,WICKERSHAM,126,6,353,14,2,0,0
2023,4,16,136,2,THIRY,117,5,355,13,3,0,0
2023,4,16,136,3,GRAZIANO,114,7,352,12,4,0,0
2023,4,16,136,4,FOWLER,113,3,371,12,4,0,0
2023,4,16,136,5,CLAY,110,1,384,11,5,0,0
2023,4,16,136,6,BOWEN,109,2,374,11,5,0,0
2023,4,16,136,7,MOODY,108,4,367,10,6,0,0
2023,4,16,136,8,REID,104,8,339,10,6,0,0
2023,5,14,133,1,FOWLER,87,2,458,9,5,0,0
2023,5,14,133,2,BOWEN,79,3,453,8,6,0,0
2023,5,14,133,2,CLAY,79,1,463,8,6,0,0
2023,5,14,133,4,REID,74,8,413,7,7,0,0
2023,5,14,133,5,MOODY,71,4,438,7,7,0,0
2023,5,14,133,5,WICKERSHAM,71,5,424,7,7,0,0
2023,5,14,133,7,THIRY,66,6,421,6,8,0,0
2023,5,14,133,8,GRAZIANO,65,7,417,6,8,0,0
2023,6,15,135,1,CLAY,103,1,566,11,4,0,0
2023,6,15,135,2,MOODY,99,4,537,10,5,0,0
2023,6,15,135,2,REID,99,6,512,10,5,0,0
2023,6,15,135,4,BOWEN,98,3,551,10,5,0,0
2023,6,15,135,5,FOWLER,97,2,555,10,5,0,0
2023,6,15,135,6,THIRY,95,5,516,9,6,0,0
2023,6,15,135,7,GRAZIANO,89,7,506,8,7,0,0
2023,6,15,135,8,WICKERSHAM,81,8,505,7,8,0,0
2023,7,13,130,1,WICKERSHAM,88,4,593,9,4,0,0
2023,7,13,130,2,GRAZIANO,71,6,577,7,6,0,0
2023,7,13,130,3,BOWEN,62,2,613,6,7,0,0
2023,7,13,130,4,THIRY,56,7,572,5,8,0,0
2023,7,13,130,5,MOODY,52,5,589,4,9,0,0
2023,7,13,130,6,CLAY,48,1,614,4,9,0,0
2023,7,13,130,6,REID,48,8,560,4,9,0,0
2023,7,13,130,8,FOWLER,46,3,601,4,9,0,0
2023,8,16,136,1,GRAZIANO,120,5,697,14,2,0,0
2023,8,16,136,2,MOODY,111,4,700,12,4,0,0
2023,8,16,136,3,CLAY,109,1,723,12,4,0,0
2023,8,16,136,3,THIRY,109,7,681,12,4,0,0
2023,8,16,136,5,BOWEN,106,2,719,11,5,0,0
2023,8,16,136,5,REID,106,8,666,11,5,0,0
2023,8,16,136,7,FOWLER,102,3,703,10,6,0,0
2023,8,16,136,8,WICKERSHAM,98,6,691,10,6,0,0
2023,9,14,133,1,MOODY,113,3,813,11,3,0,0
2023,9,14,133,2,BOWEN,106,1,825,10,4,0,0
2023,9,14,133,3,THIRY,101,6,782,9,5,0,0
2023,9,14,133,4,CLAY,100,2,823,9,5,0,0
2023,9,14,133,4,FOWLER,100,4,803,9,5,0,0
2023,9,14,133,6,REID,98,8,764,9,5,0,0
2023,9,14,133,7,GRAZIANO,91,5,788,8,6,0,0
2023,9,14,133,8,WICKERSHAM,77,7,768,6,8,0,0
2023,10,14,133,1,FOWLER,79,4,882,8,6,0,0
2023,10,14,133,2,CLAY,75,1,898,8,6,0,0
2023,10,14,133,2,MOODY,75,3,888,8,6,0,0
2023,10,14,133,2,THIRY,75,5,857,8,6,0,0
2023,10,14,133,5,REID,70,7,834,7,7,0,0
2023,10,14,133,6,BOWEN,69,2,894,7,6,0,1
2023,10,14,133,6,GRAZIANO,69,5,857,7,7,0,0
2023,10,14,133,8,WICKERSHAM,44,8,812,4,10,0,0
2023,11,14,133,1,WICKERSHAM,115,8,927,12,2,0,0
2023,11,14,133,2,MOODY,109,2,997,11,3,0,0
2023,11,14,133,3,CLAY,102,1,1000,9,5,0,0
2023,11,14,133,4,FOWLER,100,3,982,9,5,0,0
2023,11,14,133,4,THIRY,100,5,957,9,5,0,0
2023,11,14,133,6,REID,97,7,931,8,6,0,0
2023,11,14,133,7,GRAZIANO,95,6,952,8,6,0,0
2023,11,14,133,8,BOWEN,85,4,979,7,7,0,0
2023,12,16,136,1,REID,108,6,1039,12,4,0,0
2023,12,16,136,2,THIRY,107,5,1064,12,4,0,0
2023,12,16,136,3,WICKERSHAM,105,8,1032,11,5,0,0
2023,12,16,136,4,FOWLER,101,3,1083,10,6,0,0
2023,12,16,136,5,BOWEN,99,4,1078,11,5,0,0
2023,12,16,136,6,CLAY,97,1,1097,10,6,0,0
2023,12,16,136,7,MOODY,94,2,1091,9,7,0,0
2023,12,16,136,8,GRAZIANO,85,7,1037,8,8,0,0
2023,13,13,130,1,CLAY,89,1,1186,10,3,0,0
2023,13,13,130,2,MOODY,85,2,1176,9,4,0,0
2023,13,13,130,2,REID,85,6,1124,9,4,0,0
2023,13,13,130,4,THIRY,80,5,1144,8,5,0,0
2023,13,13,130,5,BOWEN,74,4,1152,7,6,0,0
2023,13,13,130,5,FOWLER,74,3,1157,7,6,0,0
2023,13,13,130,7,GRAZIANO,67,7,1104,6,7,0,0
2023,13,13,130,7,WICKERSHAM,67,8,1099,6,7,0,0
2023,14,15,135,1,GRAZIANO,79,6,1183,10,5,0,0
2023,14,15,135,2,FOWLER,73,3,1230,9,6,0,0
2023,14,15,135,3,MOODY,71,2,1247,8,7,0,0
2023,14,15,135,4,CLAY,67,1,1253,7,8,0,0
2023,14,15,135,5,THIRY,65,5,1209,7,8,0,0
2023,14,15,135,5,WICKERSHAM,65,8,1164,7,8,0,0
2023,14,15,135,7,BOWEN,63,4,1215,7,8,0,0
2023,14,15,135,8,REID,51,7,1175,5,10,0,0
2023,15,16,136,1,BOWEN,113,4,1328,13,3,0,0
2023,15,16,136,2,THIRY,111,5,1320,12,4,0,0
2023,15,16,136,3,FOWLER,108,3,1338,11,5,0,0
2023,15,16,136,4,MOODY,106,2,1353,11,5,0,0
2023,15,16,136,5,CLAY,104,1,1357,10,6,0,0
2023,15,16,136,6,GRAZIANO,103,6,1286,10,6,0,0
2023,15,16,136,7,WICKERSHAM,98,8,1262,10,6,0,0
2023,15,16,136,8,REID,96,7,1271,9,7,0,0
2023,16,16,136,1,WICKERSHAM,98,7,1360,11,5,0,0
2023,16,16,136,2,FOWLER,94,3,1432,12,4,0,0
2023,16,16,136,3,BOWEN,91,4,1419,11,5,0,0
2023,16,16,136,3,MOODY,91,1,1444,11,5,0,0
2023,16,16,136,5,CLAY,84,2,1441,9,7,0,0
2023,16,16,136,6,REID,81,8,1352,8,8,0,0
2023,16,16,136,7,GRAZIANO,79,6,1365,8,8,0,0
2023,16,16,136,7,THIRY,79,5,1399,8,8,0,0
2023,17,16,136,1,BOWEN,112,4,1531,13,3,0,0
2023,17,16,136,1,CLAY,112,2,1553,13,3,0,0
2023,17,16,136,1,FOWLER,112,3,1544,12,4,0,0
2023,17,16,136,4,MOODY,110,1,1554,12,4,0,0
2023,17,16,136,4,REID,110,7,1462,12,4,0,0
2023,17,16,136,6,WICKERSHAM,106,6,1466,11,5,0,0
2023,17,16,136,7,THIRY,104,5,1503,10,6,0,0
2023,17,16,136,8,GRAZIANO,92,8,1457,8,8,0,0
2023,18,16,136,1,MOODY,113,1,1667,13,3,0,0
2023,18,16,136,2,CLAY,99,2,1652,12,4,0,0
2023,18,16,136,2,GRAZIANO,99,6,1556,11,5,0,0
2023,18,16,136,4,FOWLER,97,3,1641,12,4,0,0
2023,18,16,136,5,REID,94,6,1556,11,5,0,0
2023,18,16,136,6,BOWEN,89,4,1620,11,5,0,0
2023,18,16,136,7,THIRY,88,5,1591,10,6,0,0
2023,18,16,136,8,WICKERSHAM,76,8,1542,8,8,0,0
2024,1,16,136,1,BOWEN,120,1,120,15,1,0,0
2024,1,16,136,2,REID,114,2,114,13,3,0,0
2024,1,16,136,3,GRAZIANO,111,3,111,12,4,0,0
2024,1,16,136,4,CLAY,106,4,106,13,3,0,0
2024,1,16,136,4,THIRY,106,4,106,13,3,0,0
2024,1,16,136,6,MOODY,104,6,104,12,4,0,0
2024,1,16,136,7,FOWLER,93,7,93,9,7,0,0
2024,1,16,136,8,WICKERSHAM,89,8,89,9,7,0,0
2024,1,16,136,9,KAHLER,85,9,85,8,8,0,0
2024,2,16,136,1,FOWLER,72,5,165,10,6,0,0
2024,2,16,136,2,GRAZIANO,64,2,175,8,8,0,0
2024,2,16,136,3,MOODY,60,6,164,8,8,0,0
2024,2,16,136,3,THIRY,60,4,166,8,8,0,0
2024,2,16,136,5,BOWEN,58,1,178,7,9,0,0
2024,2,16,136,5,CLAY,58,6,164,7,9,0,0
2024,2,16,136,7,REID,56,3,170,6,10,0,0
2024,2,16,136,8,KAHLER,48,9,133,5,11,0,0
2024,2,16,136,9,WICKERSHAM,47,8,136,5,11,0,0
2024,3,16,136,1,WICKERSHAM,63,8,199,8,8,0,0
2024,3,16,136,2,MOODY,62,3,226,9,7,0,0
2024,3,16,136,3,REID,60,2,230,8,8,0,0
2024,3,16,136,4,KAHLER,59,9,192,8,8,0,0
2024,3,16,136,5,BOWEN,58,1,236,8,8,0,0
2024,3,16,136,5,FOWLER,58,4,223,8,8,0,0
2024,3,16,136,7,CLAY,57,6,221,7,9,0,0
2024,3,16,136,8,THIRY,54,7,220,7,9,0,0
2024,3,16,136,9,GRAZIANO,47,5,222,6,10,0,0
2024,4,16,136,1,GRAZIANO,102,2,324,12,4,0,0
2024,4,16,136,2,BOWEN,99,1,335,11,5,0,0
2024,4,16,136,3,CLAY,92,5,313,10,6,0,0
2024,4,16,136,3,FOWLER,92,4,315,10,6,0,0
2024,4,16,136,5,THIRY,90,7,310,10,6,0,0
2024,4,16,136,6,KAHLER,89,9,281,9,7,0,0
2024,4,16,136,7,REID,88,3,318,9,7,0,0
2024,4,16,136,8,WICKERSHAM,87,8,286,9,7,0,0
2024,4,16,136,9,MOODY,85,6,311,8,8,0,0
2024,5,14,133,1,FOWLER,89,3,404,9,5,0,0
2024,5,14,133,1,KAHLER,89,8,370,9,5,0,0
2024,5,14,133,1,MOODY,89,5,400,9,5,0,0
2024,5,14,133,4,BOWEN,88,1,423,9,5,0,0
2024,5,14,133,4,CLAY,88,4,401,9,5,0,0
2024,5,14,133,4,REID,88,2,406,9,5,0,0
2024,5,14,133,7,WICKERSHAM,83,9,369,8,6,0,0
2024,5,14,133,8,THIRY,82,7,392,8,6,0,0
2024,5,14,133,9,GRAZIANO,74,6,398,7,7,0,0
2024,6,14,133,1,BOWEN,133,1,556,14,0,0,0
2024,6,14,133,2,CLAY,130,3,531,13,1,0,0
2024,6,14,133,2,MOODY,130,4,530,13,1,0,0
2024,6,14,133,4,KAHLER,126,8,496,12,2,0,0
2024,6,14,133,4,REID,126,2,532,12,2,0,0
2024,6,14,133,6,FOWLER,124,5,528,12,2,0,0
2024,6,14,133,7,GRAZIANO,119,6,517,11,3,0,0
2024,6,14,133,7,THIRY,119,7,511,11,3,0,0
2024,6,14,133,7,WICKERSHAM,119,9,488,11,3,0,0
2024,7,15,135,1,WICKERSHAM,115,8,603,11,4,0,0
2024,7,15,135,2,REID,114,2,646,11,4,0,0
2024,7,15,135,3,BOWEN,113,1,669,11,4,0,0
2024,7,15,135,3,FOWLER,113,4,641,11,4,0,0
2024,7,15,135,5,CLAY,111,3,642,10,5,0,0
2024,7,15,135,6,MOODY,109,5,639,10,5,0,0
2024,7,15,135,7,THIRY,104,7,615,9,6,0,0
2024,7,15,135,8,GRAZIANO,102,6,619,9,6,0,0
2024,7,15,135,9,KAHLER,100,9,596,9,6,0,0
2024,8,16,136,1,THIRY,108,6,723,13,3,0,0
2024,8,16,136,2,WICKERSHAM,102,8,705,11,5,0,0
2024,8,16,136,3,KAHLER,101,9,697,11,5,0,0
2024,8,16,136,3,MOODY,101,3,740,12,4,0,0
2024,8,16,136,5,GRAZIANO,99,7,718,11,5,0,0
2024,8,16,136,6,REID,97,2,743,10,6,0,0
2024,8,16,136,7,BOWEN,96,1,765,10,6,0,0
2024,8,16,136,8,FOWLER,93,4,734,9,7,0,0
2024,8,16,136,9,CLAY,90,5,732,9,7,0,0
2024,9,15,135,1,CLAY,120,4,852,13,2,0,0
2024,9,15,135,2,FOWLER,117,5,851,11,4,0,0
2024,9,15,135,2,MOODY,117,2,857,12,3,0,0
2024,9,15,135,2,THIRY,117,6,840,12,3,0,0
2024,9,15,135,2,WICKERSHAM,117,8,822,12,3,0,0
2024,9,15,135,6,BOWEN,113,1,878,11,4,0,0
2024,9,15,135,6,GRAZIANO,113,7,831,11,4,0,0
2024,9,15,135,6,REID,113,3,856,11,4,0,0
2024,9,15,135,9,KAHLER,101,9,798,9,6,0,0
2024,10,14,133,1,FOWLER,106,2,957,11,3,0,0
2024,10,14,133,2,GRAZIANO,104,6,935,10,4,0,0
2024,10,14,133,2,WICKERSHAM,104,8,926,10,4,0,0
2024,10,14,133,4,BOWEN,101,1,979,10,4,0,0
2024,10,14,133,5,CLAY,97,4,949,9,5,0,0
2024,10,14,133,5,REID,97,3,953,9,5,0,0
2024,10,14,133,5,THIRY,97,5,937,9,5,0,0
2024,10,14,133,8,KAHLER,89,9,887,8,6,0,0
2024,10,14,133,9,MOODY,77,7,934,6,8,0,0
2024,11,14,133,1,FOWLER,120,1,1077,12,2,0,0
2024,11,14,133,2,WICKERSHAM,108,7,1034,11,3,0,0
2024,11,14,133,3,CLAY,102,3,1051,10,4,0,0
2024,11,14,133,4,MOODY,101,5,1035,10,4,0,0
2024,11,14,133,5,THIRY,98,5,1035,9,5,0,0
2024,11,14,133,6,BOWEN,97,2,1076,9,5,0,0
2024,11,14,133,6,KAHLER,97,9,984,9,5,0,0
2024,11,14,133,8,REID,91,4,1044,8,6,0,0
2024,11,14,133,9,GRAZIANO,90,8,1025,8,6,0,0
2024,12,13,130,1,GRAZIANO,95,5,1120,9,4,0,0
2024,12,13,130,2,BOWEN,94,1,1170,10,3,0,0
2024,12,13,130,3,CLAY,90,3,1141,9,4,0,0
2024,12,13,130,3,REID,90,4,1134,9,4,0,0
2024,12,13,130,5,FOWLER,87,2,1164,8,5,0,0
2024,12,13,130,6,THIRY,85,5,1120,8,5,0,0
2024,12,13,130,7,MOODY,78,7,1113,7,6,0,0
2024,12,13,130,7,WICKERSHAM,78,8,1112,7,6,0,0
2024,12,13,130,9,KAHLER,69,9,1053,6,7,0,0
2024,13,16,136,1,BOWEN,136,1,1306,16,0,0,0
2024,13,16,136,1,THIRY,136,5,1256,16,0,0,0
2024,13,16,136,3,FOWLER,126,2,1290,14,2,0,0
2024,13,16,136,3,KAHLER,126,9,1179,14,2,0,0
2024,13,16,136,5,MOODY,123,7,1236,13,3,0,0
2024,13,16,136,5,REID,123,4,1257,13,3,0,0
2024,13,16,136,7,CLAY,122,3,1263,14,2,0,0
2024,13,16,136,8,GRAZIANO,119,6,1239,12,4,0,0
2024,13,16,136,9,WICKERSHAM,118,8,1230,12,4,0,0
2024,14,13,130,1,MOODY,118,6,1354,11,2,0,0
2024,14,13,130,2,CLAY,113,3,1376,10,3,0,0
2024,14,13,130,2,REID,113,4,1370,10,3,0,0
2024,14,13,130,4,BOWEN,112,1,1418,10,3,0,0
2024,14,13,130,4,THIRY,112,5,1368,10,3,0,0
2024,14,13,130,6,GRAZIANO,100,7,1339,8,5,0,0
2024,14,13,130,6,KAHLER,100,9,1279,8,5,0,0
2024,14,13,130,8,FOWLER,97,2,1387,8,5,0,0
2024,14,13,130,8,WICKERSHAM,97,8,1327,8,5,0,0
2024,15,16,136,1,GRAZIANO,135,6,1474,15,1,0,0
2024,15,16,136,2,WICKERSHAM,132,8,1459,14,2,0,0
2024,15,16,136,3,REID,129,3,1499,14,2,0,0
2024,15,16,136,4,BOWEN,127,1,1545,14,2,0,0
2024,15,16,136,5,THIRY,125,4,1493,13,3,0,0
2024,15,16,136,6,FOWLER,122,2,1509,12,4,0,0
2024,15,16,136,7,KAHLER,116,9,1395,11,5,0,0
2024,15,16,136,7,MOODY,116,7,1470,11,5,0,0
2024,15,16,136,9,CLAY,114,5,1490,10,6,0,0
2024,16,16,136,1,REID,108,2,1607,12,4,0,0
2024,16,16,136,1,THIRY,108,3,1601,12,4,0,0
2024,16,16,136,3,BOWEN,106,1,1651,11,5,0,0
2024,16,16,136,3,CLAY,106,4,1596,11,5,0,0
2024,16,16,136,5,KAHLER,103,9,1498,10,6,0,0
2024,16,16,136,5,MOODY,103,6,1573,10,6,0,0
2024,16,16,136,7,WICKERSHAM,97,8,1556,9,7,0,0
2024,16,16,136,8,GRAZIANO,96,7,1570,9,7,0,0
2024,16,16,136,9,FOWLER,85,5,1594,8,8,0,0
2024,17,16,136,1,MOODY,122,6,1695,15,1,0,0
2024,17,16,136,2,REID,121,2,1728,14,2,0,0
2024,17,16,136,3,CLAY,120,3,1716,14,2,0,0
2024,17,16,136,4,BOWEN,119,1,1770,13,3,0,0
2024,17,16,136,4,GRAZIANO,119,7,1689,13,3,0,0
2024,17,16,136,6,FOWLER,116,5,1710,12,4,0,0
2024,17,16,136,7,KAHLER,115,9,1613,12,4,0,0
2024,17,16,136,7,THIRY,115,3,1716,12,4,0,0
2024,17,16,136,9,WICKERSHAM,92,8,1648,8,8,0,0
2024,18,16,136,1,CLAY,105,3,1821,12,4,0,0
2024,18,16,136,2,REID,104,2,1832,12,4,0,0
2024,18,16,136,3,KAHLER,103,9,1716,12,4,0,0
2024,18,16,136,4,BOWEN,101,1,1871,11,5,0,0
2024,18,16,136,4,WICKERSHAM,101,8,1749,11,5,0,0
2024,18,16,136,6,MOODY,100,6,1795,11,5,0,0
2024,18,16,136,7,FOWLER,97,5,1807,10,6,0,0
2024,18,16,136,8,THIRY,92,4,1808,9,7,0,0
2024,18,16,136,9,GRAZIANO,89,7,1778,9,7,0,0
2025,1,16,136,1,WICKERSHAM,116,1,116,12,4,0,0
2025,1,16,136,2,THIRY,114,2,114,12,4,0,0
2025,1,16,136,3,REID,109,3,109,11,5,0,0
2025,1,16,136,4,BOWEN,107,4,107,10,6,0,0
2025,1,16,136,4,CLAY,107,4,107,10,6,0,0
2025,1,16,136,6,FOWLER,105,6,105,10,6,0,0
2025,1,16,136,6,MOODY,105,6,105,10,6,0,0
2025,1,16,136,8,KAHLER,104,8,104,10,6,0,0
2025,1,16,136,9,MALDONADO,103,9,103,10,6,0,0
2025,1,16,136,10,GRAZIANO,89,10,89,8,8,0,0
2025,2,16,136,1,GRAZIANO,120,10,209,13,3,0,0
2025,2,16,136,2,FOWLER,119,3,224,13,3,0,0
2025,2,16,136,3,KAHLER,117,5,221,13,3,0,0
2025,2,16,136,3,MOODY,117,4,222,13,3,0,0
2025,2,16,136,3,THIRY,117,1,231,13,3,0,0
2025,2,16,136,6,CLAY,114,5,221,12,4,0,0
2025,2,16,136,7,MALDONADO,112,8,215,11,5,0,0
2025,2,16,136,8,BOWEN,111,7,218,11,5,0,0
2025,2,16,136,9,WICKERSHAM,110,2,226,11,5,0,0
2025,2,16,136,10,REID,104,9,213,9,7,0,0
2025,3,16,136,1,CLAY,102,1,323,13,3,0,0
2025,3,16,136,2,KAHLER,101,2,322,11,5,0,0
2025,3,16,136,3,MALDONADO,99,7,314,11,5,0,0
2025,3,16,136,4,BOWEN,98,6,316,11,5,0,0
2025,3,16,136,5,MOODY,96,4,318,10,6,0,0
2025,3,16,136,6,FOWLER,94,4,318,10,6,0,0
2025,3,16,136,7,REID,91,9,304,9,7,0,0
2025,3,16,136,8,THIRY,90,3,321,9,7,0,0
2025,3,16,136,9,WICKERSHAM,83,8,309,8,8,0,0
2025,3,16,136,10,GRAZIANO,80,10,289,7,9,0,0
2025,4,16,136,1,GRAZIANO,108,9,397,13,2,1,0
2025,4,16,136,2,REID,98,7,402,11,4,1,0
2025,4,16,136,3,WICKERSHAM,96,6,405,9,6,1,0
2025,4,16,136,4,BOWEN,95,3,411,10,5,1,0
2025,4,16,136,4,CLAY,95,1,418,10,5,1,0
2025,4,16,136,4,MALDONADO,95,4,409,10,5,1,0
2025,4,16,136,7,THIRY,91,2,412,9,6,1,0
2025,4,16,136,8,MOODY,90,5,408,9,6,1,0
2025,4,16,136,9,FOWLER,84,7,402,8,7,1,0
2025,4,16,136,10,KAHLER,72,10,394,6,9,1,0
2025,5,14,133,1,FOWLER,77,1,479,9,5,0,0
2025,5,14,133,2,KAHLER,60,7,454,7,7,0,0
2025,5,14,133,3,WICKERSHAM,51,5,456,6,8,0,0
2025,5,14,133,4,CLAY,49,2,467,5,9,0,0
2025,5,14,133,4,THIRY,49,3,461,5,9,0,0
2025,5,14,133,6,GRAZIANO,48,10,445,5,9,0,0
2025,5,14,133,6,MOODY,48,5,456,5,9,0,0
2025,5,14,133,6,REID,48,8,450,5,9,0,0
2025,5,14,133,9,BOWEN,47,4,458,5,9,0,0
2025,5,14,133,10,MALDONADO,40,9,449,4,10,0,0
2025,6,15,135,1,REID,106,5,556,12,3,0,0
2025,6,15,135,2,BOWEN,99,4,557,11,4,0,0
2025,6,15,135,2,FOWLER,99,1,578,11,4,0,0
2025,6,15,135,2,MALDONADO,99,8,548,10,5,0,0
2025,6,15,135,5,THIRY,97,3,558,10,5,0,0
2025,6,15,135,5,WICKERSHAM,97,6,553,10,5,0,0
2025,6,15,135,7,CLAY,94,2,561,9,6,0,0
2025,6,15,135,7,MOODY,94,7,550,9,6,0,0
2025,6,15,135,9,GRAZIANO,79,10,524,7,8,0,0
2025,6,15,135,9,KAHLER,79,9,533,7,8,0,0
2025,7,15,135,1,FOWLER,125,1,703,13,2,0,0
2025,7,15,135,2,MALDONADO,121,5,669,12,3,0,0
2025,7,15,135,2,REID,121,2,677,13,2,0,0
2025,7,15,135,4,THIRY,118,3,676,13,2,0,0
2025,7,15,135,5,BOWEN,116,4,673,12,3,0,0
2025,7,15,135,6,MOODY,111,7,661,11,4,0,0
2025,7,15,135,7,GRAZIANO,108,10,632,10,5,0,0
2025,7,15,135,8,KAHLER,107,9,640,10,5,0,0
2025,7,15,135,9,CLAY,106,6,667,10,5,0,0
2025,7,15,135,10,WICKERSHAM,95,8,648,8,7,0,0
2025,8,13,130,1,WICKERSHAM,108,8,756,11,2,0,0
2025,8,13,130,2,CLAY,104,3,771,10,3,0,0
2025,8,13,130,3,GRAZIANO,99,9,731,9,4,0,0
2025,8,13,130,3,MALDONADO,99,5,768,9,4,0,0
2025,8,13,130,3,MOODY,99,7,760,9,4,0,0
2025,8,13,130,3,REID,99,2,776,9,4,0,0
2025,8,13,130,7,BOWEN,93,6,766,8,5,0,0
2025,8,13,130,7,THIRY,93,4,769,8,5,0,0
2025,8,13,130,9,FOWLER,77,1,780,6,7,0,0
2025,8,13,130,10,KAHLER,76,10,716,6,7,0,0
2025,9,14,133,1,THIRY,84,2,853,9,5,0,0
2025,9,14,133,2,KAHLER,81,10,797,9,5,0,0
2025,9,14,133,3,FOWLER,78,1,858,8,6,0,0
2025,9,14,133,4,CLAY,77,4,848,8,6,0,0
2025,9,14,133,4,GRAZIANO,77,9,808,8,6,0,0
2025,9,14,133,4,MALDONADO,77,5,845,8,6,0,0
2025,9,14,133,4,MOODY,77,7,837,8,6,0,0
2025,9,14,133,4,REID,77,2,853,8,6,0,0
2025,9,14,133,9,BOWEN,75,6,841,8,6,0,0
2025,9,14,133,10,WICKERSHAM,63,8,819,6,8,0,0
2025,10,14,133,1,CLAY,108,1,956,12,2,0,0
2025,10,14,133,2,MOODY,98,5,935,10,4,0,0
2025,10,14,133,2,REID,98,2,951,10,4,0,0
2025,10,14,133,4,BOWEN,94,5,935,9,5,0,0
2025,10,14,133,5,KAHLER,93,9,890,9,5,0,0
2025,10,14,133,6,FOWLER,88,3,946,8,6,0,0
2025,10,14,133,6,THIRY,88,4,941,8,6,0,0
2025,10,14,133,6,WICKERSHAM,88,8,907,8,6,0,0
2025,10,14,133,9,MALDONADO,86,7,931,8,6,0,0
2025,10,14,133,10,GRAZIANO,74,10,882,6,8,0,0
2025,11,15,135,1,WICKERSHAM,113,8,1020,12,3,0,0
2025,11,15,135,2,CLAY,111,1,1067,12,3,0,0
2025,11,15,135,3,THIRY,104,3,1045,10,5,0,0
2025,11,15,135,4,BOWEN,103,4,1038,10,5,0,0
2025,11,15,135,4,MALDONADO,103,7,1034,10,5,0,0
2025,11,15,135,6,REID,102,2,1053,10,5,0,0
2025,11,15,135,7,MOODY,101,5,1036,10,5,0,0
2025,11,15,135,8,KAHLER,98,9,988,9,6,0,0
2025,11,15,135,9,FOWLER,90,5,1036,8,7,0,0
2025,11,15,135,9,GRAZIANO,90,10,972,8,7,0,0
2025,12,14,133,1,REID,119,2,1172,12,2,0,0
2025,12,14,133,2,THIRY,117,3,1162,12,2,0,0
2025,12,14,133,3,MALDONADO,115,5,1149,11,3,0,0
2025,12,14,133,4,FOWLER,114,4,1150,11,3,0,0
2025,12,14,133,5,CLAY,108,1,1175,10,4,0,0
2025,12,14,133,5,MOODY,108,6,1144,10,4,0,0
2025,12,14,133,7,KAHLER,107,9,1095,10,4,0,0
2025,12,14,133,7,WICKERSHAM,107,8,1127,10,4,0,0
2025,12,14,133,9,BOWEN,105,7,1143,10,4,0,0
2025,12,14,133,10,GRAZIANO,101,10,1073,9,5,0,0
2025,13,16,136,1,REID,95,1,1267,11,5,0,0
2025,13,16,136,2,GRAZIANO,94,10,1167,12,4,0,0
2025,13,16,136,3,KAHLER,92,9,1187,10,6,0,0
2025,13,16,136,4,WICKERSHAM,91,8,1218,11,5,0,0
2025,13,16,136,5,THIRY,89,3,1251,10,6,0,0
2025,13,16,136,6,BOWEN,88,6,1231,10,6,0,0
2025,13,16,136,7,FOWLER,84,4,1234,9,7,0,0
2025,13,16,136,8,MALDONADO,83,5,1232,8,8,0,0
2025,13,16,136,9,CLAY,81,2,1256,8,8,0,0
2025,13,16,136,9,MOODY,81,7,1225,8,8,0,0
2025,14,14,133,1,GRAZIANO,89,10,1256,9,5,0,0
2025,14,14,133,2,KAHLER,83,9,1270,8,6,0,0
2025,14,14,133,2,REID,83,1,1350,8,6,0,0
2025,14,14,133,4,CLAY,80,2,1336,7,7,0,0
2025,14,14,133,5,FOWLER,78,4,1312,7,7,0,0
2025,14,14,133,5,MOODY,78,6,1303,7,7,0,0
2025,14,14,133,7,BOWEN,74,5,1305,6,8,0,0
2025,14,14,133,8,THIRY,72,3,1323,6,8,0,0
2025,14,14,133,8,WICKERSHAM,72,8,1290,6,8,0,0
2025,14,14,133,10,MALDONADO,59,7,1291,5,9,0,0
2025,15,16,136,1,WICKERSHAM,105,6,1395,12,4,0,0
2025,15,16,136,2,FOWLER,98,4,1410,10,6,0,0
2025,15,16,136,2,THIRY,98,3,1421,9,7,0,0
2025,15,16,136,4,GRAZIANO,96,10,1352,9,7,0,0
2025,15,16,136,4,KAHLER,96,9,1366,9,7,0,0
2025,15,16,136,6,BOWEN,95,5,1400,9,7,0,0
2025,15,16,136,7,CLAY,94,2,1430,8,8,0,0
2025,15,16,136,8,MALDONADO,90,8,1381,8,8,0,0
2025,15,16,136,9,MOODY,88,7,1391,7,9,0,0
2025,15,16,136,9,REID,88,1,1438,7,9,0,0
2025,16,16,136,1,KAHLER,113,8,1479,14,2,0,0
2025,16,16,136,2,REID,103,1,1541,12,4,0,0
2025,16,16,136,3,MOODY,102,6,1493,12,4,0,0
2025,16,16,136,3,THIRY,102,2,1523,12,4,0,0
2025,16,16,136,5,BOWEN,98,4,1498,12,4,0,0
2025,16,16,136,5,FOWLER,98,3,1508,11,5,0,0
2025,16,16,136,7,MALDONADO,92,9,1473,10,6,0,0
2025,16,16,136,8,WICKERSHAM,90,7,1485,9,7,0,0
2025,16,16,136,9,GRAZIANO,81,10,1433,9,7,0,0
2025,16,16,136,10,CLAY,67,5,1497,6,10,0,0
2025,17,16,136,1,MALDONADO,96,7,1569,11,5,0,0
2025,17,16,136,2,MOODY,88,6,1581,10,6,0,0
2025,17,16,136,3,CLAY,86,4,1583,9,7,0,0
2025,17,16,136,3,GRAZIANO,86,10,1519,9,7,0,0
2025,17,16,136,5,REID,85,1,1626,9,7,0,0
2025,17,16,136,6,BOWEN,84,5,1582,9,7,0,0
2025,17,16,136,6,FOWLER,84,3,1592,9,7,0,0
2025,17,16,136,8,KAHLER,83,8,1562,8,8,0,0
2025,17,16,136,8,THIRY,83,2,1606,8,8,0,0
2025,17,16,136,10,WICKERSHAM,69,9,1554,6,10,0,0
2025,18,16,136,1,CLAY,103,4,1686,11,5,0,0
2025,18,16,136,1,FOWLER,103,3,1695,11,5,0,0
2025,18,16,136,1,WICKERSHAM,103,8,1657,11,5,0,0
2025,18,16,136,4,REID,102,1,1728,10,6,0,0
2025,18,16,136,5,GRAZIANO,98,10,1617,10,6,0,0
2025,18,16,136,6,MALDONADO,97,7,1666,8,8,0,0
2025,18,16,136,7,MOODY,94,5,1675,8,8,0,0
2025,18,16,136,8,BOWEN,91,6,1673,8,8,0,0
2025,18,16,136,8,THIRY,91,2,1697,8,8,0,0
2025,18,16,136,10,KAHLER,75,9,1637,6,10,0,0
