season,rank,expert,totalPoints,pointsAvailable,pointsPct,correct,incorrect,ties,noPicks,decisionAccuracyPct
2023,1,MOODY,1667,2422,68.827,176,96,0,0,64.706
2023,2,CLAY,1652,2422,68.208,174,98,0,0,63.971
2023,3,FOWLER,1641,2422,67.754,174,98,0,0,63.971
2023,4,BOWEN,1620,2422,66.887,172,99,0,1,63.469
2023,5,THIRY,1591,2422,65.69,163,109,0,0,59.926
2023,6,GRAZIANO,1556,2422,64.244,157,115,0,0,57.721
2023,6,REID,1556,2422,64.244,157,115,0,0,57.721
2023,8,WICKERSHAM,1542,2422,63.666,158,114,0,0,58.088
2024,1,BOWEN,1871,2422,77.25,200,72,0,0,73.529
2024,2,REID,1832,2422,75.64,190,82,0,0,69.853
2024,3,CLAY,1821,2422,75.186,190,82,0,0,69.853
2024,4,THIRY,1808,2422,74.649,189,83,0,0,69.485
2024,5,FOWLER,1807,2422,74.608,184,88,0,0,67.647
2024,6,MOODY,1795,2422,74.112,187,85,0,0,68.75
2024,7,GRAZIANO,1778,2422,73.41,180,92,0,0,66.176
2024,8,WICKERSHAM,1749,2422,72.213,174,98,0,0,63.971
2024,9,KAHLER,1716,2422,70.851,170,102,0,0,62.5
2025,1,REID,1728,2424,71.287,176,95,1,0,64.945
2025,2,THIRY,1697,2424,70.008,171,100,1,0,63.1
2025,3,FOWLER,1695,2424,69.926,172,99,1,0,63.469
2025,4,CLAY,1686,2424,69.554,170,101,1,0,62.731
2025,5,MOODY,1675,2424,69.101,166,105,1,0,61.255
2025,6,BOWEN,1673,2424,69.018,169,102,1,0,62.362
2025,7,MALDONADO,1666,2424,68.729,164,107,1,0,60.517
2025,8,WICKERSHAM,1657,2424,68.358,166,105,1,0,61.255
2025,9,KAHLER,1637,2424,67.533,162,109,1,0,59.779
2025,10,GRAZIANO,1617,2424,66.708,161,110,1,0,59.41
